20/1/2015,78.05,8.92,11.34,24.2,10.54,28.1,44.6,41.8,26.15,16.64,23951.16,11741.78
21/1/2015,77.8,9.04,11.62,24.7,10.52,29.3,44.8,43.3,26.4,17.54,24352.58,12021.32
22/1/2015,77.9,9.09,11.64,24.85,10.62,28.85,45.05,42.65,26.5,17.16,24522.63,12047.27
23/1/2015,79.9,9.19,11.8,25.45,10.68,29.7,44.95,43.575,26.75,17.58,24850.45,12260.06
26/1/2015,80.5,9.2,11.72,24.75,10.54,29.25,45.4,43.825,26.9,17.48,24909.9,12228.16
27/1/2015,81.2,9.15,11.74,24.75,10.48,29.2,45.75,42.9,26.85,17.1,24807.28,12030.38
28/1/2015,81.9,9.17,11.7,24.9,10.46,29.3,46.35,42.425,26.9,17.24,24861.81,11963.64
29/1/2015,82.25,9.12,11.44,25,10.2,28.55,45.1,41.475,26.7,16.68,24595.85,11736.09
30/1/2015,81.3,9.26,11.3,25.4,10.18,28.35,45.25,41.3,27.25,16.88,24507.05,11720.1
2/2/2015,81.75,9.3,11.26,24.95,10.28,27.85,45.2,40.35,27.45,16.88,24484.74,11578.3
3/2/2015,82,9.36,11.32,24.95,10.64,28.3,44.65,41.7,27.2,17.14,24554.78,11768.58
4/2/2015,82,9.35,11.26,25,11.1,27.55,44.55,41.5,27.3,17.16,24679.76,11767.49
5/2/2015,80.7,9.36,11.22,25.1,10.86,27.6,44.5,41.5,26.95,17.34,24765.49,11789.19
6/2/2015,79,9.34,11.06,25.65,10.98,26.8,44.2,40.95,27.2,17.46,24679.39,11697.32
9/2/2015,79.25,9.26,11.34,25.75,10.94,26.65,44.35,40.875,27.5,17.52,24521,11647.42
10/2/2015,79.35,9.33,11.52,25.7,10.94,25.85,44.2,41.125,27.6,17.64,24528.1,11695.26
11/2/2015,78.6,9.21,11.52,26.1,10.82,25.15,43.9,41.3,27.65,17.68,24315.02,11651.01
12/2/2015,78.9,9.19,11.78,25,10.72,26.95,43.8,41.5,27.1,17.68,24422.15,11783.61
13/2/2015,77.8,9.22,11.84,25.4,10.94,29.4,44.45,42.75,27.3,17.84,24682.54,11922.56
16/2/2015,78,9.3,11.82,26.05,11.06,32.55,44.5,42.95,27.2,17.9,24726.53,11934.57
17/2/2015,78.8,9.24,12.08,25.8,11.08,34.45,44.45,42.975,27.25,18.1,24784.88,11998.51
18/2/2015,78.35,9.27,12.04,25.85,11.38,33.6,44.5,42.95,27.2,18.28,24832.08,12066.1
23/2/2015,78.75,9.26,11.76,25.65,11.06,34.75,44.55,42.65,27.05,18.18,24836.76,12041.49
24/2/2015,78.25,9.22,12.36,26.45,10.96,34.9,45.6,42.85,27.3,18.3,24750.07,12046.2
25/2/2015,79.4,9.26,12.28,27.45,10.9,34.35,45.7,42.575,27.2,17.88,24778.28,12064.8
26/2/2015,79.7,9.29,12.28,27.1,11.16,34.7,45.75,43.25,27.5,18.46,24902.06,12227.75
27/2/2015,79.8,9.15,12.34,26.85,11.14,33.8,45.65,43.125,27.35,18.5,24823.29,12185.85
2/3/2015,77.55,9.16,12.56,26.7,11.18,35.3,47.35,43.175,27.25,18.18,24887.44,12213.75
3/3/2015,77.2,9.16,12.4,26.75,11.06,35.2,48.35,42.475,27.25,17.66,24702.78,11945.25
4/3/2015,76.4,9.12,12.24,26.95,10.96,35.2,48.85,41.6,27.2,17.26,24465.38,11738.67
5/3/2015,76.65,9.03,12.16,26.85,10.88,37.35,47.6,41.025,26.85,17.3,24193.04,11597.77
6/3/2015,76.1,8.99,12.32,27.3,10.94,37.25,48.55,41.2,26.4,17.24,24164,11606.93
9/3/2015,74.7,8.94,12.04,27.25,10.86,36.7,48.25,41.9,26.45,16.68,24123.05,11675.92
10/3/2015,75.2,8.9,11.98,26.85,10.6,35.65,47.15,40.875,26.75,16.4,23896.98,11507.63
11/3/2015,75.3,8.92,11.82,26.55,10.38,35.05,47.1,40.975,26.55,16.46,23717.97,11417.34
12/3/2015,74.05,8.91,11.86,27.1,10.38,35.2,47.15,41.475,26.4,16.38,23797.96,11565.8
13/3/2015,74.05,8.85,11.9,26.8,10.34,35.65,46.65,41.825,26.4,16.78,23823.21,11712.23
16/3/2015,74.4,8.85,11.76,26.4,10.28,35.7,47.3,43.175,26.55,17.2,23949.55,11813.78
17/3/2015,74.95,8.83,11.92,26.35,10.22,36.25,46.7,43.4,26.75,17.16,23901.49,11837.78
18/3/2015,74.85,8.84,12.08,26.55,10.4,37.65,46.75,43.875,26.65,17.42,24120.08,11981.97
19/3/2015,75.2,8.81,12.18,26.35,10.56,39,48.2,44.25,26.9,17.22,24468.89,12122.2
20/3/2015,75.1,8.86,12.14,27.45,10.54,38.6,48,46.05,26.95,17.94,24375.24,12156.4
23/3/2015,75.75,8.82,11.9,27,10.42,38.65,47.95,46.725,27.05,18.26,24494.51,12177.82
24/3/2015,77.15,8.71,11.86,26.6,10.34,37.65,47.9,45.525,26.95,17.66,24399.6,12005.02
25/3/2015,77.1,8.87,11.8,27,10.4,37.4,48.9,45.525,27.4,17.4,24528.23,11968.91
26/3/2015,76.95,8.84,12.16,27,10.56,37.2,48.9,45.4,27.8,17.64,24497.08,11919.69
27/3/2015,77.8,8.91,11.96,26.75,10.5,36.8,48.85,45.6,28.2,17.96,24486.2,11898.09
30/3/2015,78.05,9,12.34,26.4,10.8,39.6,49.25,46.65,28.15,19.3,24855.12,12306.56
31/3/2015,79.3,8.99,12.44,26.2,10.96,39.9,48.8,46.6,27.65,18.88,24900.89,12346.09
1/4/2015,78.5,9.08,12.64,27.2,11.04,43.85,49.2,47.225,28,19.84,25082.75,12537.28
2/4/2015,77.7,9.14,12.92,26.55,11.18,45.55,49.35,46.575,28.1,19.96,25275.64,12663.12
8/4/2015,76.9,9.3,13.5,25.9,11.8,47.5,51.75,48.625,28.35,23.75,26236.86,13396.59
9/4/2015,77.6,9.49,13.44,26.25,11.94,46.6,53.65,49.15,28.45,25.6,26944.39,13748.37
10/4/2015,79.85,9.6,13.8,25.85,12.1,47.75,53.75,52.15,28.95,25.9,27272.39,13987.53
13/4/2015,79.3,9.67,13.98,26.3,12.24,47.9,53.4,53.6,30.05,26.15,28016.34,14590.45
14/4/2015,79.65,9.77,13.6,26.95,12.42,46.6,53.25,52.05,29.9,24.9,27561.49,14264.81
15/4/2015,79,9.76,13.28,27.05,12.9,45,52.55,53.2,29.8,24.3,27618.82,14471.82
16/4/2015,78.9,9.75,13.2,27.5,13.34,46.65,52.1,54.85,29.9,25.45,27739.71,14720.13
17/4/2015,78.25,9.66,13.24,26.7,13.32,45,53.25,54.45,29.85,25.2,27653.12,14536.67
20/4/2015,77.15,9.51,13.06,26.55,12.86,43.2,51.9,52.25,29.15,23.45,27094.93,14111.34
21/4/2015,77.8,9.57,12.82,26.85,13.12,44.1,51.5,54.95,29.3,24.35,27850.49,14531.28
22/4/2015,77.2,9.5,13.04,27,12.96,45.35,51.05,56.25,30,27.05,27933.85,14669.73
23/4/2015,77.2,9.53,13.2,27.5,12.9,47.85,52.15,54.55,30.9,26.2,27827.7,14478.2
24/4/2015,78.2,9.6,13.24,28.3,13.12,47.85,51.85,55.1,31.2,25.85,28060.98,14488.99
27/4/2015,78.5,9.77,13.24,28.7,13.42,47.85,52.1,54.8,31.5,26,28433.59,14741.2
28/4/2015,78.45,9.83,12.92,28.45,13.3,48.85,52.2,55.65,31.5,25.6,28442.75,14714.79
29/4/2015,78.75,10.08,13.06,27.15,13.06,48.5,51.75,55.1,31.55,25.7,28400.34,14603.04
30/4/2015,78.45,10.3,12.94,27.55,13.14,47.15,51.8,55.7,30.15,25.45,28133,14431.11
4/5/2015,79.3,10.84,13.06,27.35,13.18,47.6,51.1,55.15,29.95,24.95,28123.82,14459.15
5/5/2015,78.6,10.64,12.7,27.1,13.04,47.45,50.55,53.65,29.6,24.55,27755.54,14077.62
6/5/2015,78.4,10.34,12.84,27.15,13.12,46.85,51.15,54.35,29.6,24.55,27640.91,13997.35
7/5/2015,78.35,10.48,12.7,26.65,12.96,45.5,51.6,54.05,29.55,24.05,27289.97,13768.47
8/5/2015,78.5,10.74,13.22,26.75,12.68,47.05,51.25,55.4,29.8,24.7,27577.34,14049.66
11/5/2015,77.7,10.66,13.32,27,12.86,49.05,51.45,55.9,30.1,24.4,27718.2,14182.98
12/5/2015,77.8,10.64,12.86,26.85,12.74,47.5,50.7,55.6,29.8,24.2,27407.18,13973
13/5/2015,77.1,10.5,12.62,27.35,12.78,47.2,50.45,54.2,29.65,23.85,27249.28,13859.55
14/5/2015,77.7,10.56,12.4,26.8,12.48,46.75,50.35,54.05,30.05,23.15,27286.55,13775.95
15/5/2015,78.55,10.7,12.4,27.1,12.58,48.2,52.35,55.2,30.6,22.8,27822.28,14009.76
18/5/2015,78.65,10.52,12.32,27.6,12.42,48.05,52.45,54.65,30.5,22.4,27591.25,13926.28
19/5/2015,76.35,10.68,12.42,27.15,12.4,49,52,55.75,30.7,23.7,27693.54,14191.5
20/5/2015,76.1,10.54,12.64,27.75,12.34,50.1,51.2,56.35,30.75,23.6,27585.05,14235.9
21/5/2015,75.8,10.38,12.42,27.9,12.46,54.55,51,56.5,30.65,23.8,27523.72,14132.16
22/5/2015,75.7,10.62,12.72,27.9,12.68,54.5,51.65,59.6,33.15,24.1,27992.83,14433.36
26/5/2015,75.25,10.68,13.02,28,12.74,54.5,53.15,61.25,33.4,25.4,28249.86,14801.94
27/5/2015,75.15,10.6,12.94,27.1,12.68,54.5,52.3,60.65,32.95,25.15,28081.21,14701.88
28/5/2015,73.5,10.38,12.52,26.9,12.38,54.5,50.6,58.15,32.1,24.3,27454.31,14183
29/5/2015,74.3,10.34,12.68,26.75,12.12,54.5,51.05,57.05,31.9,24.6,27424.19,14103.81
1/6/2015,74.6,10.5,12.76,26.8,12.16,54.5,51.55,58.2,32.25,24.15,27597.16,14299.45
2/6/2015,73.85,10.4,12.5,26.85,12.2,54.5,50.9,57.45,31.9,24.3,27466.72,14201.63
3/6/2015,73.5,10.52,12.42,27,12.42,54.5,50.85,56.45,32.4,24.9,27657.47,14114.94
4/6/2015,73.45,10.46,12.28,27.15,11.92,59.3,50.9,56.4,32.2,25.05,27551.89,14127.01
5/6/2015,72.85,10.5,11.9,26.6,11.72,52.7,50.75,55.6,32.25,25.35,27260.16,13914.61
8/6/2015,71.1,10.38,11.94,26.15,11.76,51.15,50.7,57.3,31.95,25.2,27316.28,14113.98
9/6/2015,69.55,10.24,11.72,25.65,11.72,49.25,50.15,55.5,32.15,24.45,26989.52,13861.96
10/6/2015,70.05,10.14,11.66,25.6,11.58,49,49.6,54.8,31.55,23.5,26687.64,13616.67
11/6/2015,71.45,10.18,11.46,25.8,11.68,50.5,49.75,55.9,31.75,23.1,26907.85,13743.25
12/6/2015,72.2,10.3,11.36,25.6,11.72,55.15,50.5,57.45,32.3,24,27280.54,13984
15/6/2015,71.45,10.2,11.28,25.35,11.56,54.85,50.1,55.65,32.15,23.25,26861.81,13622.76
16/6/2015,71.5,10.16,11.04,25.15,11.26,50.85,50.15,54.8,31.95,22.6,26566.7,13252.93
17/6/2015,71.3,10.24,10.98,25.65,11.14,51.3,50.5,55.45,32.4,22.7,26753.79,13414.83
18/6/2015,71.8,10.3,10.86,26.15,10.98,49.5,50.5,55.1,32.1,22.1,26694.66,13263.37
19/6/2015,73.05,10.22,10.78,26.25,11.02,47.8,51.35,53.85,32.15,21.8,26760.53,13186.05
22/6/2015,72.85,10.28,10.92,26.45,11.08,49.2,52.85,54.45,32.25,22,27080.85,13383.68
23/6/2015,73.4,10.48,11.24,26.5,11.22,50.4,52.75,55.55,33.25,22.5,27333.46,13609.47
24/6/2015,71.85,10.42,11.2,26.3,11.46,50.9,52.3,55.9,32.8,22.6,27404.97,13684.8
25/6/2015,72.2,10.46,10.88,26.3,11.34,49.5,52.7,55.25,32.5,22.25,27145.75,13467.9
26/6/2015,71.25,10.14,10.72,26.15,11.12,47.5,51.8,53.3,32.35,21.45,26663.87,13088.19
29/6/2015,70.25,9.93,10.42,26.05,10.94,44.1,50.1,51.25,31.65,19.66,25966.98,12694.66
30/6/2015,70.7,10.14,10.4,25.4,11,46.55,50.75,52.35,32.3,20.5,26250.03,12981.23
2/7/2015,70.05,10.12,10.34,26.8,10.94,43.6,51.75,50.95,32.85,19.98,26282.32,12784.65
3/7/2015,70,9.97,10.38,26.75,11.02,41,51,49.5,32.05,18.9,26064.11,12608.98
6/7/2015,69.4,9.72,10.08,26.45,10.74,38.7,49.5,47.5,30.45,16.02,25236.28,12231.43
7/7/2015,69.2,9.51,9.73,26.85,10.52,34.65,50.05,45.65,30.25,13.9,24975.31,11827.3
8/7/2015,66.35,8.83,9.17,25.25,9.64,30.4,47.1,42.825,28.05,13.9,23516.56,11107.3
9/7/2015,69.25,9.24,9.51,26.5,9.96,34.35,49.4,45.65,29.45,13.82,24392.79,11446.37
10/7/2015,68.85,9.58,9.55,25.95,10.14,38.15,49.55,47.925,30.6,15.18,24901.28,11858.55
13/7/2015,69.95,9.78,9.98,25.95,10.24,39.35,50.55,48.675,30.8,15.64,25224.01,12003.83
14/7/2015,70.6,9.71,9.6,26.3,10.06,38.05,49.9,47.675,30.6,15.16,25120.91,11836.17
15/7/2015,69.85,9.39,9.35,27,10.1,36.25,50.7,46.975,31.3,14.6,25055.76,11681.2
16/7/2015,69.95,9.39,9.41,27.5,10.12,36.75,50.4,47.7,31.3,14.86,25162.78,11749.08
17/7/2015,70.8,9.63,9.43,28.05,10.16,36.6,50.75,48.525,32,15.92,25415.27,11850.14
20/7/2015,71.15,9.57,9.35,28.45,10.06,36.55,50.6,48.075,32.3,15.24,25404.81,11773.92
21/7/2015,70.6,9.57,9.29,28.1,9.99,37.45,51,48.65,32.3,15.66,25536.43,11871.54
22/7/2015,70.55,9.49,9.15,27.8,9.95,36.4,50.35,48.3,32.15,15.34,25282.62,11734.27
23/7/2015,71.45,9.49,9.28,27.55,9.91,36.3,51.45,49.15,32.05,15.56,25398.85,11834.47
24/7/2015,71.4,9.45,9.17,27.4,9.8,35.35,50.6,48.525,31.9,15.3,25128.51,11679.02
27/7/2015,70.05,9.19,8.89,26.35,9.37,32.8,49.05,47.15,30.85,13.66,24351.96,11230.67
28/7/2015,69.9,9.19,8.9,26.65,9.62,33.75,50.35,46,31.3,13.62,24503.94,11173.04
29/7/2015,70.8,9.16,8.9,27.65,9.66,34.9,50.6,45.5,31.6,13.94,24619.45,11273.69
30/7/2015,70.85,9.18,8.79,28.5,9.72,34.25,50.1,44.75,31,14.1,24497.98,11137.33
31/7/2015,73.05,9.37,8.93,27.35,9.61,34.3,50.5,44.6,31.25,14.02,24636.28,11131.68
3/8/2015,72.95,9.2,9.08,27.15,9.47,34,49.15,43.45,30.9,13.56,24411.42,11009.96
4/8/2015,73.95,9.24,9.04,26.85,9.43,34.25,49.4,44.15,31.15,13.7,24406.12,11074.92
5/8/2015,73,9.26,9.24,27.35,9.69,36.8,49.9,43.8,31.45,13.82,24514.16,11125.84
6/8/2015,70.6,9.18,9.4,27.35,9.55,38.8,49.6,43.3,31.2,13.56,24375.28,11093.27
7/8/2015,71.35,9.3,9.43,27.85,9.63,37.85,50.2,44.05,31.55,13.68,24552.47,11227.94
10/8/2015,71.75,9.2,9.4,27.35,9.54,37.35,49.4,44.5,31.45,14.24,24521.12,11291.66
11/8/2015,72.1,9.11,9.3,29,9.93,36.3,49.05,44.55,31.5,13.98,24498.21,11264.64
12/8/2015,72.55,8.9,9.08,28.6,9.88,35.5,47.6,43.45,29.05,13.48,23916.02,11042.79
13/8/2015,72.5,8.84,8.97,28.3,10.02,36,47.85,43.4,28.55,14.02,24018.8,11080.92
14/8/2015,73.25,8.9,8.88,28.5,9.86,35.65,47.8,43.25,29.4,14.04,23991.03,11060.06
17/8/2015,72.9,8.76,8.81,28.55,9.64,35.55,46.85,42.8,29.05,14.02,23814.65,10962.24
18/8/2015,71.85,8.5,8.69,27.9,9.47,33.75,46,41.5,28.45,13.56,23474.97,10770.05
19/8/2015,71.1,8.49,8.88,29.85,9.41,33.55,45,40.3,28.35,13.7,23167.85,10642.24
20/8/2015,70.5,8.33,8.6,29.1,9.11,31.75,44.4,39.6,27.55,13.04,22757.47,10402.72
21/8/2015,68.3,8.23,8.22,28.4,8.82,30.85,43.55,38.8,27,12.42,22409.62,10195.05
24/8/2015,65.65,7.78,7.61,27.1,8.1,28.8,40.8,35.8,25.55,11.02,21251.57,9602.29
25/8/2015,65.4,7.7,7.35,27.4,7.91,28.8,42.85,36.5,26.2,10.76,21404.96,9514.04
26/8/2015,66.5,7.67,7.11,27.5,8.06,29.4,42.05,35.9,25.8,10.6,21080.39,9427.93
27/8/2015,67.55,7.85,7.05,27.65,9.22,32.25,42.5,38.05,26.65,11.56,21838.54,9863.61
28/8/2015,66.8,7.8,7.53,28.55,9.24,32.55,43.05,37.6,26.45,11.42,21612.39,9750.73
31/8/2015,66.7,7.88,7.8,28.05,9.61,31.65,42.85,37.95,26.2,11.18,21670.58,9741.41
1/9/2015,64.95,7.8,8.03,28.5,9.22,30.85,42.15,37.15,24.75,10.54,21185.43,9454.11
2/9/2015,65,7.68,8.15,27.95,8.84,30.5,41.5,36.85,23.95,10.32,20934.94,9301.32
4/9/2015,66.25,7.51,8.25,28.15,8.8,30.55,41.45,35.65,24,10.3,20840.61,9169.59
7/9/2015,66.2,7.41,8.28,28.25,8.68,30.75,41,35.55,23.2,10.72,20583.52,9103.22
8/9/2015,67.6,7.7,8.74,28.45,9.02,32.9,41.95,37.5,24.25,11.22,21259.04,9479.48
9/9/2015,71.55,8,9.22,30.1,9.42,34.35,44.05,38.85,25.35,11.88,22131.31,9975.53
10/9/2015,70.05,7.83,9.48,29.8,8.8,34.3,42.8,38.4,24.5,11.84,21562.5,9780.16
11/9/2015,70,7.86,9.05,29.65,8.57,33.8,42.4,38.1,24.3,12,21504.37,9718.28
14/9/2015,70,7.92,9.16,29.1,8.58,33.5,43,38.25,24.45,11.54,21561.9,9728.72
15/9/2015,70.75,7.73,9.16,29,8.51,33.6,42.15,38.1,24.4,11.46,21455.23,9704.27
16/9/2015,71.85,7.81,9.21,29.55,8.68,35.6,43.1,38.85,25.1,11.66,21966.66,9904.71
17/9/2015,71,7.76,9.38,29.6,8.69,35.65,43.2,39.45,24.15,11.88,21854.63,9964.17
18/9/2015,72.45,7.96,9.41,29.3,8.68,37.3,43.2,40.4,24.15,12.26,21920.83,10028.38
21/9/2015,74,7.91,9.17,29.2,8.38,36.85,42.7,40.05,23.9,12.02,21756.93,9899.37
22/9/2015,74.35,8.1,9.37,29.25,8.44,37.1,42.55,40.05,24.05,12.14,21796.58,9835.39
23/9/2015,72.8,7.75,9.02,28.3,8.05,37.35,41.7,39.35,23.55,11.66,21302.91,9570.25
24/9/2015,74.2,7.82,8.99,29.7,7.91,37.4,40.6,38.85,23.05,11.36,21095.98,9469.81
25/9/2015,72.85,7.83,8.69,28.9,8.06,39.05,40.6,39,22.95,11.34,21186.32,9512.26
29/9/2015,71.5,7.49,8.38,28.5,7.44,38.25,39.35,38.05,22.4,11,20556.6,9230.5
30/9/2015,73.1,7.5,9.65,28.6,7.93,40.85,40.05,38.35,22.75,11.16,20846.3,9405.5
2/10/2015,73,7.67,10.04,29.05,8.18,42.75,42.55,40.2,23.35,11.94,21506.09,9686.64
5/10/2015,74.25,7.88,10.1,29.35,8.25,42.55,42.7,41.35,23.65,12.08,21854.5,9883.71
6/10/2015,72.75,7.73,10.28,28.7,8.37,44.8,42.75,41.6,23.55,12.06,21831.62,9931.53
7/10/2015,72.65,7.95,10.6,28.6,9.52,46.3,44.05,43.2,24.7,13.46,22515.76,10394.79
8/10/2015,73.65,7.98,10.36,28.05,8.95,45.3,44.35,42.5,24.5,12.86,22354.91,10287.41
9/10/2015,74.25,7.92,10.54,28.1,9.27,44,44.65,42.3,25.55,12.84,22458.8,10406.79
12/10/2015,74.2,8.12,10.54,28.55,9.44,46.2,45,42.55,25.55,13.3,22730.93,10538.19
13/10/2015,75.15,8.02,10.76,28.3,9.13,46.5,44.25,42.1,25.4,13.22,22600.46,10437.69
14/10/2015,75.25,8.15,10.7,28.05,9.06,47.15,43.85,41.75,25.6,12.92,22439.91,10334.42
15/10/2015,75.95,8.28,11.06,27.1,9.32,47.1,44.7,42.65,25.7,13.38,22888.17,10552.93
16/10/2015,76.2,8.37,10.94,28.3,9.21,47.85,46.2,43.25,26,13.48,23067.37,10637.01
19/10/2015,75.95,8.33,11.16,28.25,9.29,49.1,45.8,43.5,25.8,13.68,23075.61,10688.54
20/10/2015,75.65,8.36,10.58,28.2,9.15,48.05,45.9,43.55,25.7,13.56,22989.22,10649.45
22/10/2015,76.3,8.31,10.76,28.75,8.89,47.5,45.4,43.4,25.85,13.2,22845.37,10600.52
23/10/2015,76.8,8.42,10.98,28.8,8.93,47.25,46.75,43.8,26.05,13.44,23151.94,10742.04
26/10/2015,76.9,8.49,11.2,28.35,8.87,48.45,46.65,43.95,25.4,13.88,23116.25,10747.68
27/10/2015,77.3,8.49,11.1,28.6,8.74,48.55,46.9,44.25,25.8,13.68,23142.73,10714.79
28/10/2015,78.25,8.47,10.98,28.6,8.57,48.6,46.85,44.05,25.6,13.36,22956.57,10558.47
29/10/2015,77.6,8.36,10.82,28.65,8.86,48.3,47,43.6,25,13.44,22819.94,10439.38
30/10/2015,77.35,8.31,11.24,28.45,8.69,48.4,45.6,43.65,24.9,13.58,22640.04,10396.58
2/11/2015,76.15,8.14,11.04,29,8.61,47.7,45.6,43.1,24.55,13.16,22370.04,10240.33
3/11/2015,76.3,8.19,11.5,29.5,8.78,47.9,46.45,42.95,25.1,13,22568.43,10283.42
4/11/2015,76.4,8.27,11.78,29.35,9.25,49.75,47.95,44.15,25.45,14.12,23053.57,10560.74
5/11/2015,76.1,8.22,11.7,30.35,9.2,49.1,47.75,45.4,25.4,14.46,23051.04,10617.67
6/11/2015,75.25,8.13,11.6,31.4,8.98,48.9,47.8,45.6,25.15,14.78,22867.33,10555.97
9/11/2015,74.9,8.03,11.34,30.6,8.76,49.4,48.3,45.8,25.15,15.02,22726.77,10506.41
10/11/2015,73.85,7.9,11.04,29.95,8.6,45.3,47.25,45.2,24.95,14.7,22401.7,10314.74
11/11/2015,75.15,7.98,11.02,30.45,8.43,46.85,46.7,44.9,24.8,14.76,22352.17,10245.53
12/11/2015,75,8.16,11.34,30.45,8.68,46.2,48.45,45.35,25.2,14.84,22888.92,10408.93
13/11/2015,72.85,7.97,11.22,30.55,8.32,47.1,47.65,44.5,24.9,14.92,22396.14,10181.47
16/11/2015,72.45,7.91,10.96,30.05,8.1,45.5,46.3,43.65,24.25,14.2,22010.82,9978.7
17/11/2015,73.25,8.05,11,30.5,8.36,45.7,46.55,44.15,24.45,14.42,22264.25,10073.43
18/11/2015,73.2,8.08,11.1,31.45,8.13,45.65,46.45,43.95,24.5,14.4,22188.26,10055.28
19/11/2015,73.1,8.23,11.34,31.45,8.33,46.5,47.3,44.25,24.55,14.66,22500.22,10193.11
20/11/2015,73.1,8.07,11.22,31.85,8.55,47.1,47.9,44.75,24.5,14.96,22754.72,10302
23/11/2015,72.65,8,11.26,31.85,8.49,45.7,47.95,44.6,24.65,14.36,22665.9,10229.43
24/11/2015,72.65,7.85,10.96,31.5,8.53,44.5,47.8,44.55,24.6,14.5,22587.63,10156.63
25/11/2015,70.55,7.83,10.92,31,8.81,44.3,47.65,44.3,24.6,14.68,22498,10127.87
26/11/2015,70.2,7.84,10.72,31.7,8.75,41.55,47.75,44.3,24.4,14.24,22488.94,10108.39
27/11/2015,69.45,7.7,10.32,31.4,8.51,41.35,46.5,43.3,24.15,13.7,22068.32,9855.66
30/11/2015,69.25,7.72,10.54,31.45,8.58,41.9,46.3,42.45,23.75,13.38,21996.42,9790.64
1/12/2015,69.8,7.74,10.66,31,8.83,42.05,47.75,43.3,24.25,13.58,22381.35,9947.94
2/12/2015,70.05,7.76,10.72,30.35,8.85,42.6,48.5,44.25,24.1,13.84,22479.69,10050.36
3/12/2015,69.9,7.84,10.54,30.35,8.92,41.8,48.4,44.25,24.15,13.58,22417.01,9987.84
4/12/2015,70.3,7.84,10.52,29.8,9.04,41.3,48.45,43.8,24,13.22,22235.89,9834.28
7/12/2015,69.75,7.86,10.56,29.95,8.6,41.35,48.5,43.85,24.1,13.18,22203.22,9798.19
8/12/2015,69.9,7.87,10.26,29.65,8.3,40.75,47.85,43.3,23.8,12.96,21905.13,9660.87
9/12/2015,69.65,7.72,10.84,30,8.42,42.9,48.15,42.7,23.7,12.78,21803.76,9558.76
10/12/2015,70.05,7.71,10.72,30,8.17,41.15,47.65,42.25,23.5,12.66,21704.61,9450.49
11/12/2015,70,7.68,10.86,30.25,7.94,39.85,46.6,40.95,23.25,12.56,21464.05,9308
14/12/2015,70,7.62,10.68,29.75,7.82,40.6,45.85,41.25,22.95,13.18,21309.85,9315.91
15/12/2015,70.8,7.54,10.86,29.75,7.9,40,45.4,41.55,22.9,13.24,21274.37,9344.07
16/12/2015,69.9,7.59,10.9,30.3,8.17,40.25,46.45,42.15,23.2,13.48,21701.21,9538.66
17/12/2015,70.1,7.6,11.02,31.45,7.99,41.6,47.1,42.65,23.45,13.64,21872.06,9666.52
18/12/2015,69.9,7.51,10.72,30.9,7.85,41.55,46.65,42.7,23.65,13.5,21755.56,9634.41
21/12/2015,70,7.65,10.86,30.55,7.86,42.05,46.65,43.4,23.7,13.84,21791.68,9746.99
22/12/2015,69.7,7.73,10.88,31.05,7.85,41.4,47,43.5,23.9,13.7,21830.02,9731.53
23/12/2015,70,7.78,10.9,31,8.16,41.65,46.8,44,23.95,14.06,22040.59,9882.95
24/12/2015,70.35,7.61,10.94,31.15,8.41,43.25,47,44.2,24,14.06,22138.13,9953.21
28/12/2015,70.05,7.63,10.64,30.9,8.29,42.4,46.4,43.5,23.8,13.7,21919.62,9789.46
29/12/2015,70.45,7.61,10.42,31.15,8.28,42.6,46.4,43.8,23.85,13.92,21999.62,9788.91
30/12/2015,70.65,7.66,10.36,31.7,8.2,43.65,46.35,42.95,23.65,13.7,21882.15,9659.88
31/12/2015,71.3,7.66,10.36,31.6,8.07,42.65,46.6,43,23.7,13.7,21914.4,9661.03
4/1/2016,69.5,7.66,10.08,31,8.01,41.25,45.45,40.85,23.15,13.04,21327.12,9311.18
5/1/2016,69.55,7.66,9.97,31.5,8.03,40.8,45.65,40.4,22.75,12.8,21188.72,9223.01
6/1/2016,69.9,7.32,9.98,31.7,8.02,41.2,45.05,40.1,22.65,12.64,20980.81,9137.79
7/1/2016,69.4,7.11,9.64,31.85,7.55,37.15,43.65,37.95,22.35,11.86,20333.34,8753.97
8/1/2016,69.5,7.18,9.76,30.85,7.63,37.75,43.75,38,22.6,11.96,20453.71,8845.89
11/1/2016,68,6.95,9.25,29.4,7.31,35.95,42.3,36.35,21.9,11.08,19888.5,8505.16
12/1/2016,67.2,6.91,9.42,29.7,7.07,36.45,42,35.65,22.3,10.98,19711.76,8439.31
13/1/2016,68.4,7,9.63,30.4,7.27,36.8,43.1,36.15,22.25,10.98,19934.88,8494.49
14/1/2016,70.45,6.84,9.59,29.6,7.28,37.6,42.7,36.3,22.2,11.1,19817.41,8459.63
15/1/2016,70.1,6.7,9.43,30.2,7.06,35.9,42.45,35.1,21.7,10.92,19520.77,8236.28
18/1/2016,68.8,6.62,9.3,29.55,6.74,36.05,41.35,34.7,20.75,10.88,19237.45,8134.81
19/1/2016,68.95,6.83,9.34,30.1,7.01,38.5,42.45,36.55,21.05,11.32,19635.81,8377.8
20/1/2016,67.05,6.61,9.21,29.55,6.58,36.25,40.4,35.05,19.9,10.96,18886.3,8015.44
21/1/2016,66.2,6.32,9,29.65,6.42,34.1,40.35,33.55,19.42,10.58,18542.15,7835.64
22/1/2016,67.4,6.35,9.64,29.45,6.94,35.6,41.8,34.7,20.15,11.06,19080.51,8104.98
25/1/2016,68.25,6.36,9.44,29.9,7.27,36.3,42.45,35.15,20.55,11.18,19340.14,8173.11
26/1/2016,67.9,6.21,9.45,29.8,6.75,35.6,41.8,33.95,19.72,10.74,18860.8,7895.16
27/1/2016,68.6,6.26,9.65,30.2,7.01,34.9,42.95,33.8,19.76,10.96,19052.45,7959.51
28/1/2016,69.35,6.23,9.23,29.95,7.19,35.1,42.25,34.15,19.78,11.04,19195.83,8028.58
29/1/2016,70.7,6.3,9.12,29.3,7.88,35.2,42.85,34.95,20.5,11.66,19683.11,8241.36
1/2/2016,70.4,6.17,9.3,29.4,7.63,35.7,42.15,34.2,20,11.5,19595.5,8144.85
2/2/2016,70.9,6.13,9.35,29.35,7.55,36.05,40.95,34.05,19.72,11.58,19446.84,8058.83
3/2/2016,71.25,5.95,8.92,28.55,7.25,35.4,38.95,32.95,19.62,11.2,18991.59,7858.31
4/2/2016,72.45,5.99,9.05,29.7,7.7,35.95,39.9,33.3,19.48,11.36,19183.09,7974.4
5/2/2016,72.15,6.04,9.08,29,7.87,36.2,39.4,33.85,19.72,11.28,19288.17,8054.87
11/2/2016,70.8,6.06,8.63,28.1,7.45,34.2,38.15,31.95,19.08,10.82,18545.8,7657.92
12/2/2016,72.05,6.05,8.61,28.05,7.48,32.35,37.25,30.6,18.98,10.74,18319.58,7505.37
15/2/2016,73.15,6.16,9.06,27.5,7.96,34.4,38.2,32.55,19.66,11.28,18918.14,7863.84
16/2/2016,72.4,6.14,9.21,27.25,8.11,36.35,38.55,33.65,19.74,11.68,19122.08,8028.34
17/2/2016,71.8,6.08,9.4,27.8,7.79,36.75,38.25,32.85,19.24,11.36,18924.57,7928.76
18/2/2016,73.5,6.12,9.56,28.3,8.21,37.8,39.25,34.15,19.52,11.78,19363.08,8166.47
19/2/2016,73.9,6.23,9.92,28.1,8.1,37.3,39.35,33.8,19.58,11.6,19285.5,8112.57
22/2/2016,74.05,6.34,9.98,28.6,8.1,38.35,39.8,34.5,20.1,11.88,19464.09,8221.37
23/2/2016,74,6.4,9.77,27.9,8.23,38.05,40.1,34.05,20.25,11.8,19414.78,8170.62
24/2/2016,74.5,6.37,9.34,29.3,7.98,37.55,39.15,33.35,19.9,11.7,19192.45,8061.71
25/2/2016,73.5,6.22,9.2,29.05,7.81,36.9,39.5,32.35,19.46,11.24,18888.75,7871.94
26/2/2016,74.95,6.42,9.22,30.25,8.19,38,40.65,33.4,20,11.52,19364.15,8034.3
29/2/2016,73.7,6.52,9.07,29.7,7.96,38.6,39.7,32.9,20.2,11.32,19111.93,7916.34
1/3/2016,74.25,6.63,9.13,29.55,8.29,39.1,40.3,33.2,20.3,11.64,19407.46,8068.29
2/3/2016,76,6.82,9.4,30.3,8.52,40.2,41.95,34.5,20.85,12.04,20003.49,8374.09
3/3/2016,76.3,6.91,9.27,30.55,8.76,40.95,42.4,34.6,20.85,12.18,19941.76,8390.79
4/3/2016,76.8,7.14,9.71,30.75,9.1,42.55,42.05,35.8,21.25,12.38,20176.7,8557.69
7/3/2016,75.75,7.21,9.68,29.2,9.24,41.9,41.7,35.6,21.4,12.3,20159.72,8626.31
8/3/2016,76.25,7.18,9.42,29.3,9.26,41.45,41.4,34.9,21.3,12,20011.58,8505.22
9/3/2016,75.9,7.2,9.17,29.75,9.03,40.5,41.6,34.85,21.4,11.82,19996.26,8441.48
10/3/2016,75.45,7.27,9.19,28.95,9.11,40.4,42.05,34.7,21.15,11.86,19984.42,8420.14
11/3/2016,76,7.16,9.38,29.45,9.18,41.6,43,34.75,21.45,12.14,20199.6,8561.37
14/3/2016,77.15,7.35,9.69,29.8,9.08,42.15,42.65,35.3,21.55,12.42,20435.34,8686.27
15/3/2016,76.4,7.37,9.38,30.4,8.82,41.95,42.55,35,21.9,12.28,20288.77,8605.63
16/3/2016,75.45,7.45,9.19,29.55,8.7,40.85,42.3,35.3,21.8,11.98,20257.7,8571.36
17/3/2016,77.65,7.59,9.36,29.95,9.14,42.85,42.45,36.1,22.3,12.24,20503.81,8773.83
18/3/2016,78.1,7.63,9.66,29.9,9.08,43.65,42.7,36.95,22.45,12.64,20671.63,8883.01
21/3/2016,78.6,7.61,9.67,30.6,8.97,42.8,42.85,37.45,22.8,13.32,20684.15,8928.65
22/3/2016,78.5,7.66,9.42,30.35,9.04,42.35,42.55,37.4,22.55,13.24,20666.75,8900.19
23/3/2016,78.25,7.55,9.4,30.8,9.17,43.05,42.25,37.25,22.75,13.2,20615.23,8873.33
24/3/2016,78.4,7.31,9.45,31.05,8.96,42.55,41.85,36.3,22.2,12.74,20345.61,8701.13
29/3/2016,78,7.22,9.82,30.15,8.99,44.65,42.45,36.5,22.5,12.86,20366.3,8726.93
30/3/2016,79.2,7.48,9.76,30.5,9.07,44.35,43.9,37.15,22.85,13.24,20803.39,8979.41
31/3/2016,79.35,7.39,9.68,30.65,9.16,44.5,43.95,37.1,23.15,13.26,20776.7,9003.25
1/4/2016,78.2,7.29,9.41,30.3,8.87,43.25,43.15,36.1,23,13.14,20498.92,8842.86
5/4/2016,78.5,7.23,9.13,29.65,8.59,41.05,42.7,35.45,22.6,12.9,20177,8679.04
6/4/2016,78.85,7.34,9.02,30.3,8.59,41.35,42.45,35.25,22.75,12.8,20206.67,8668.63
7/4/2016,79.05,7.36,9.01,30.25,8.78,41.05,42.65,35,22.85,12.74,20266.05,8647.33
8/4/2016,79.45,7.39,8.9,30.05,8.95,41.35,43.25,35.05,22.9,12.7,20370.4,8704.81
11/4/2016,78.65,7.46,9.31,30.45,9.1,40.8,43.1,35.45,22.95,12.92,20440.81,8807.06
12/4/2016,78.95,7.57,9.04,30.6,9.15,42,43.45,35.4,23.05,12.96,20504.44,8841.86
13/4/2016,80.05,7.71,9.19,30.2,9.72,43.95,44.6,37.55,23.9,13.36,21158.71,9191.49
14/4/2016,80.2,7.8,9.3,30.3,9.67,43.2,45.7,38.25,24.1,13.4,21337.81,9237.9
15/4/2016,80.35,7.79,9.17,30.65,9.73,43.45,44.95,37.85,24.2,13.46,21316.47,9214.98
18/4/2016,80.2,7.82,9.11,30.5,9.57,43.75,44.6,37.4,24,13.22,21161.5,9090.85
19/4/2016,81,7.85,8.98,30.35,9.79,44.8,45.1,37.9,24.3,13.46,21436.21,9244.45
20/4/2016,80.15,7.91,8.84,29.65,9.65,43.75,44.65,37.4,24.3,13.28,21236.31,9134.42
21/4/2016,80,7.95,9,30.05,10.18,44.25,45.95,37.75,24.55,13.54,21622.25,9248.4
22/4/2016,78.15,7.88,8.87,29.4,10.08,44.15,46.8,37.5,24.3,13.46,21467.04,9120.91
25/4/2016,77.7,7.85,8.84,29.2,10.02,43.45,47.3,36.9,24.2,13.22,21304.44,8986.33
26/4/2016,76.6,7.82,8.82,30.05,9.93,44.5,47.3,37,24.55,13.26,21407.27,9016.12
27/4/2016,75.2,7.82,8.8,29.3,9.95,44.8,47.35,37.4,23.8,13.24,21361.6,9037.48
28/4/2016,74.5,7.88,8.62,29.2,9.89,44.9,47.1,37,23.5,13,21388.03,9060.93
29/4/2016,73.95,7.74,8.52,29.15,9.66,45.7,46.7,36.65,23.25,12.9,21067.05,8939.47
3/5/2016,74.8,7.48,8.22,29.1,9.43,45.05,45.45,35.8,22.5,12.7,20676.94,8748.7
4/5/2016,76,7.56,8.23,29.6,9.12,44.3,44.9,36,22.15,12.62,20525.83,8697.37
5/5/2016,76.65,7.44,8.2,29.75,9.11,43.9,45.8,35.45,22.35,12.52,20449.82,8626.73
6/5/2016,76.45,7.23,7.92,29.3,8.9,42.55,44.45,34.55,22.1,12.28,20109.87,8471.7
9/5/2016,76.45,7.27,7.93,29.6,8.94,41.85,44.55,34.45,22.05,12.12,20156.81,8450.72
10/5/2016,77.55,7.21,7.82,30.3,8.93,42,44.4,34.7,22.35,12.08,20242.68,8486.16
11/5/2016,76.95,7.21,8.01,30.65,8.95,41.95,43.45,34.3,22.4,12.02,20055.29,8443.67
12/5/2016,74.9,7.12,8.05,30.8,9.05,42.25,43.2,34.1,22.25,12.06,19915.46,8413.72
13/5/2016,75.45,7.07,7.83,31.3,8.89,41.6,43,33.6,21.65,11.74,19719.29,8301.39
16/5/2016,75.4,7.03,7.82,31.35,8.96,42.4,43.65,33.55,21.75,11.84,19883.95,8312.61
17/5/2016,73.15,7.09,7.96,31.1,9.23,42.8,43.85,34,22.25,12.1,20118.8,8425.78
18/5/2016,73.2,7.05,7.67,31.45,9.17,42.15,43.05,33.55,21.85,11.88,19826.41,8301.01
19/5/2016,73.9,7.01,7.7,30.4,9.04,42.5,42.7,33.25,22.2,11.72,19694.33,8243.2
20/5/2016,75.3,7.13,7.59,30.55,9.07,42.05,43.15,33.4,22.45,11.92,19852.2,8303.58
23/5/2016,76.4,7.11,7.86,30.45,9.05,41.95,43.2,33.15,22.9,11.88,19809.03,8308.21
24/5/2016,76.1,7.05,7.74,30.35,8.86,42.95,42.85,32.9,23.05,11.8,19830.43,8306.56
25/5/2016,76.55,7.21,7.84,30.65,9.18,43.65,44.3,33.6,23.3,12,20368.05,8536.38
26/5/2016,76.15,7.23,8.06,30.5,9.37,44.3,44.5,33.45,23.35,11.94,20397.11,8526.19
27/5/2016,76.7,7.33,8.25,30.8,9.44,44.65,44.85,33.65,23.25,12.2,20576.77,8595.28
30/5/2016,75.7,7.33,8.62,31,9.26,44.55,44.8,33.9,23.7,12.42,20629.39,8624.76
31/5/2016,75.35,7.34,8.66,31.25,9.28,44.95,45.45,34.7,23.9,12.7,20815.09,8704.9
1/6/2016,74.85,7.38,8.77,31.4,9.46,44.25,45.6,34.7,23.8,12.6,20760.98,8708.29
2/6/2016,74.7,7.4,8.67,31.65,9.5,44.9,45.9,34.9,23.95,12.7,20859.22,8756.38
3/6/2016,75.5,7.47,8.73,31.35,9.53,45.65,46.15,35.05,24.05,13.04,20947.24,8809.81
6/6/2016,76.55,7.49,8.77,31.85,9.6,46.65,46.1,34.95,24.2,12.96,21030.22,8865.35
7/6/2016,77.05,7.53,8.78,31.6,9.82,46.95,46.6,35.55,24.65,13.16,21328.24,9004.3
8/6/2016,77.5,7.52,8.66,30.9,9.75,46.05,46.5,35.6,23.85,12.92,21297.88,9027.82
10/6/2016,77.45,7.54,8.31,31.05,9.59,45.95,46.65,34.95,23.7,12.76,21042.64,8831.97
13/6/2016,75.9,7.39,8.17,30.65,9.39,44.55,44.95,34.1,23.2,12.44,20512.99,8619.92
14/6/2016,74.15,7.32,8.09,30.25,9.41,43.1,44.7,33.85,23,12.38,20387.53,8583.09
15/6/2016,73.35,7.36,8.24,30.15,9.44,44.05,45,33.75,22.9,12.4,20467.52,8609.59
16/6/2016,71.15,7.19,8.05,30.25,9.1,42.95,44.3,33.35,22.5,12.14,20038.42,8409.81
17/6/2016,70.85,7.32,8.22,31.1,9.03,43.9,44.6,33.75,22.55,12.34,20169.98,8485.87
20/6/2016,73.85,7.36,8.24,30.4,9.36,45,45.05,34.15,22.8,12.54,20510.2,8639.51
21/6/2016,73.3,7.46,8.15,30.7,9.59,46,45,34.3,22.9,12.6,20668.44,8704.4
22/6/2016,73.15,7.53,8.39,30.65,9.73,46.35,45.5,34.45,23.05,12.82,20795.12,8763.11
23/6/2016,73.5,7.6,8.44,30.7,9.67,46,46.2,34.6,23.2,12.82,20868.34,8785.07
24/6/2016,70,7.45,8.11,30.25,9.29,44.8,44.75,33.6,22.8,12.6,20259.13,8530.1
27/6/2016,68.15,7.5,7.99,31.05,9.18,44.9,44.5,33.35,22.6,12.6,20227.3,8567.21
28/6/2016,67.65,7.54,7.79,30.55,9.17,45.9,44.45,33.35,22.7,12.62,20172.46,8536.16
29/6/2016,68.6,7.66,7.96,31.6,9.35,45.9,44.9,33.6,22.95,12.84,20436.12,8571.44
30/6/2016,71.05,7.85,8.08,32.25,9.62,46.45,46.35,34.15,23.2,13.04,20794.37,8712.89
4/7/2016,71.7,7.99,8.26,32.65,9.75,46.55,46.7,34.75,23.4,13.14,21059.2,8802.35
5/7/2016,70.5,7.9,8.08,32.45,9.57,45.7,46.2,33.95,23.1,13.02,20750.72,8643.31
6/7/2016,70.6,7.78,7.85,32.65,9.47,45.05,45.6,33.35,22.9,12.94,20495.29,8503.14
7/7/2016,71,7.91,7.98,32.45,9.62,46.4,45.9,33.45,23.25,12.58,20706.92,8600.99
8/7/2016,70.45,7.83,7.98,32.75,9.49,47.1,45.85,33.15,23.1,12.56,20564.17,8534.79
11/7/2016,70.45,7.99,8.18,33.25,9.59,47.6,46.2,33.8,23.35,12.82,20880.5,8703
12/7/2016,71.3,8.1,8.3,34.1,9.67,47.7,47.1,34.45,23.8,12.94,21224.74,8855.31
13/7/2016,72.15,8.12,8.1,33.45,9.82,48.6,47.15,34.95,24.05,12.96,21322.37,8909.06
14/7/2016,72.4,8.22,8.14,33.75,9.84,48.7,47.55,35.3,24.3,13,21561.06,9010.1
15/7/2016,72.4,8.35,8.31,32.95,9.83,51.25,48.05,36.6,24.25,12.96,21659.25,9049.66
18/7/2016,73,8.54,8.77,33.1,9.91,52.65,48.65,36.75,24.45,12.92,21803.18,9090.95
19/7/2016,73.2,8.55,8.78,33.55,9.8,52.55,48.85,36.1,24.25,12.72,21673.2,8988.79
20/7/2016,73.3,8.72,8.89,33.65,9.95,52.4,49.2,36.5,25,12.7,21882.48,9023.11
21/7/2016,74.85,8.87,9.03,33.35,9.96,52.2,49.3,36.5,25.1,12.8,22000.49,9057.08
22/7/2016,75.25,8.84,8.97,33.25,9.9,51.35,49.05,36.45,25.05,12.7,21964.27,9031.93
25/7/2016,74.65,8.94,9.34,33.3,9.94,51.25,49,36.3,25.6,12.84,21993.44,9034.76
26/7/2016,75.55,8.97,9.35,33.7,9.68,51.6,49.85,36.65,25.95,12.92,22129.73,9062.25
27/7/2016,75.3,8.93,9.32,33.5,9.73,50,49.65,37,26,12.72,22218.99,9115.29
28/7/2016,75.05,9.07,9.81,33.25,9.56,50.05,49.05,36.9,25.85,12.66,22174.34,9082.85
29/7/2016,75.95,9.02,9.57,32.85,9.28,49.2,48.05,36.2,25.45,12.6,21891.37,8958.97
1/8/2016,77.9,9.14,9.94,33.45,9.26,49.9,49,37.05,25.85,12.72,22129.14,9129.2
3/8/2016,77,8.82,9.46,32.85,8.85,48.25,48.2,36.05,25.3,12.68,21739.12,8978.33
4/8/2016,76.75,8.94,9.3,33.25,9.12,48.85,48.1,36.15,25.35,12.74,21832.23,9004.62
5/8/2016,76.75,9.12,9.36,33.75,9.24,49.2,49.25,36.7,25.45,12.9,22146.09,9131.52
8/8/2016,77.4,9.36,9.42,33.55,9.26,50.2,49.6,37.55,26.05,13.08,22494.76,9276.56
9/8/2016,76.75,9.36,9.47,33.5,9.35,49.9,49.3,37.5,26.1,13.18,22465.61,9301.17
10/8/2016,77.65,9.26,9.46,33.7,9.36,49.8,49.1,37.25,26.05,13.1,22492.43,9315.5
11/8/2016,77,9.24,9.16,33.5,9.32,51.2,49.5,38.05,26.2,13.6,22580.55,9423.34
12/8/2016,77.45,9.35,9.27,33.7,9.62,52.15,49.35,39.05,26.4,13.78,22766.91,9554.85
15/8/2016,77.4,9.28,9.21,33.25,9.77,51.95,49.5,40.55,26.55,14.46,22932.51,9708.89
16/8/2016,77.15,9.28,9.16,34.1,9.79,51.6,48.6,40.1,26.4,14.36,22910.84,9707.99
17/8/2016,76.5,9.28,9.07,34.1,9.76,51.65,48.75,39.7,26.05,13.88,22799.78,9641.76
18/8/2016,76.45,9.59,8.97,31.3,9.76,51.6,48.75,40.7,26.15,13.88,23023.16,9654.69
19/8/2016,77,9.76,8.81,30.5,9.8,51.2,48.1,41.05,26.05,13.66,22937.22,9606.17
22/8/2016,76.95,9.77,8.85,30.95,9.74,50.75,48.3,40.8,26.3,13.58,22997.91,9602.65
23/8/2016,76.85,9.9,8.71,30.55,9.63,50.55,48.6,40.7,26.1,13.48,22998.93,9586.99
24/8/2016,76.3,9.75,8.71,30.35,9.61,51.65,48.4,39.9,26.1,13.5,22820.78,9507.09
25/8/2016,76.45,9.68,8.75,30.7,9.52,50.65,48.05,40,25.85,13.4,22814.95,9504.78
26/8/2016,75.4,9.7,8.17,30.95,9.62,51,48.4,40.1,26,13.46,22909.54,9550.04
29/8/2016,74.7,9.68,8.27,31.2,9.55,52.25,48.2,39.8,25.95,13.54,22821.34,9497.82
30/8/2016,74.75,9.69,8.33,31.15,9.53,53.75,48.8,40.4,26.1,13.7,23016.11,9597.25
31/8/2016,74.2,9.73,8.29,31.45,9.53,54,49.05,40.15,27.15,13.5,22976.88,9541.8
1/9/2016,75.05,9.75,8.22,31,9.42,53.7,49.45,40.9,27.6,13.5,23162.34,9606.08
2/9/2016,75.55,9.76,8.28,30.3,9.42,53.7,49.95,41.6,27.6,13.76,23266.7,9686.88
5/9/2016,76.1,10.04,8.43,30.45,9.62,54,50.4,41.85,28.15,13.9,23649.55,9830.57
6/9/2016,75.8,10.06,8.74,30.4,9.7,56.15,50.4,42.35,28.35,14.02,23787.68,9938.39
7/9/2016,76.45,10,8.68,30.4,9.72,56.5,50.8,42.8,28.35,14.02,23741.81,9970.19
8/9/2016,76.65,10.2,8.73,30.5,9.63,56.4,50.9,43.3,28.8,14.02,23919.34,10008.21
9/9/2016,76.7,10.34,8.75,30.25,9.69,55.95,51.3,43.05,29.35,14.1,24099.7,10057.97
12/9/2016,75.5,10.04,8.4,29.85,9.43,53.5,50.1,41.55,28.7,13.6,23290.6,9654.08
13/9/2016,74.8,9.93,8.29,29.35,9.48,53.4,49.95,41.1,28.6,13.34,23215.76,9571.06
14/9/2016,74.85,9.94,8.28,29.1,9.37,52.7,50.05,40.9,28.75,13.26,23190.64,9542.52
15/9/2016,75.4,10.02,8.01,29.45,9.3,53.1,50.35,41.4,29.05,13.38,23335.59,9595.73
19/9/2016,75.8,10.22,8.11,29.85,9.29,53.3,51.25,42.25,27.65,13.58,23550.45,9747.75
20/9/2016,76.15,10.26,8.04,29.45,9.24,53.2,50.6,42.4,27.2,13.48,23530.86,9751.44
21/9/2016,76.35,10.3,7.9,29.45,9.35,53.55,50.75,42.65,27,13.62,23669.9,9849.06
22/9/2016,76.8,10.32,7.91,29.5,9.42,54,51.4,42.15,27.25,13.92,23759.8,9893.8
23/9/2016,76.85,10.34,7.95,29.35,9.45,53.6,51.8,41.5,26.8,13.78,23686.48,9796.01
26/9/2016,76.95,10.16,7.85,29.1,9.24,52.15,51.2,41,26.2,13.38,23317.92,9629.35
27/9/2016,76.75,10.22,7.98,29.6,9.3,52.4,51.9,41.35,26.45,13.46,23571.9,9746.56
28/9/2016,77.2,10.26,7.92,29.25,9.27,52.6,52.25,40.9,26.2,13.36,23619.65,9719.84
29/9/2016,77.35,10.22,7.9,29.65,9.74,52.45,52.55,41,26.4,13.42,23739.47,9794.33
30/9/2016,75.6,10.08,7.75,30.3,9.62,50.9,51.55,40.2,26.2,13.12,23297.15,9581.93
3/10/2016,76.1,10.1,7.8,30.25,9.75,51.05,52.5,40.7,26.25,13.36,23584.43,9683.37
4/10/2016,75.7,10.18,7.9,30.2,9.77,51.8,52.7,40.95,26.25,13.44,23689.44,9756.77
5/10/2016,74.75,10.1,7.89,30,10.14,51.45,53.35,41.25,26.3,13.66,23788.31,9811.18
6/10/2016,74.6,10.04,7.94,29.95,10.54,51.5,53.85,41.9,26.65,13.76,23952.5,9947.1
7/10/2016,73.2,10.06,7.98,30.25,10.34,51.4,53.95,41.8,26.55,13.68,23851.82,9923.82
11/10/2016,71.45,9.78,8,30.25,10.38,51.35,53.1,41.15,25.95,13.8,23549.52,9804.47
12/10/2016,71.5,9.63,8.07,30.55,10.44,50.75,53.1,41,26.2,13.56,23407.05,9673.2
13/10/2016,71.4,9.65,8.01,30.3,10.18,50.35,51.5,40.3,25.9,13.42,23031.3,9496.85
14/10/2016,72,9.67,8.05,30.25,10.44,50.35,52.1,40.7,26.15,13.68,23233.31,9601.4
17/10/2016,71.9,9.62,8.03,29.95,10.24,49.9,51.6,40.2,25.9,13.6,23037.54,9541.08
18/10/2016,72.05,9.77,8.18,30.2,10.48,51.95,52.6,40.55,26.3,13.82,23394.39,9720.2
19/10/2016,71.7,9.66,8.17,30.8,10.46,51.3,52.3,40.4,26.35,13.74,23304.97,9641.22
20/10/2016,72,9.56,8.07,30.9,10.68,51.4,52.75,40.3,26.95,13.82,23374.4,9686.38
24/10/2016,73.35,9.89,8.05,30.15,10.7,52.95,52.7,40.7,28.15,14.02,23604.08,9852.9
25/10/2016,73.15,9.85,8.11,29.85,10.7,53.4,53,41.05,27.9,14.04,23565.11,9837.7
26/10/2016,72.95,9.75,8,29,10.48,52.7,52.3,40.65,27.45,13.96,23325.43,9698.85
27/10/2016,72.85,9.71,7.85,29.05,10.2,51.9,51.4,40.5,27.7,13.76,23132.35,9608.91
28/10/2016,72.8,9.58,7.78,28.9,10.04,51.4,51.4,40.6,27.5,13.72,22954.81,9515.32
31/10/2016,72.95,9.67,8.07,29.2,9.87,51,48.95,40.95,27.7,13.76,22934.54,9559.39
1/11/2016,74.3,9.79,8.11,28.95,9.99,51.45,48.5,41.6,27.6,13.86,23147.07,9706.2
2/11/2016,73.8,9.73,8.01,28.55,9.87,50.7,47.95,40.85,27.1,13.58,22810.5,9519.87
3/11/2016,73.05,9.74,7.93,28.3,9.82,49.75,47.65,40.65,27.4,13.66,22683.51,9482.01
4/11/2016,73.65,9.75,7.82,28.4,9.75,48.45,47.8,40.65,27.25,13.74,22642.62,9491.51
7/11/2016,74.25,8.87,7.93,29.2,9.85,49.3,48.5,41.05,27,13.86,22801.4,9608.24
8/11/2016,74.3,8.89,7.91,29.95,9.8,49.6,48.5,41.4,26.95,13.96,22909.47,9659.85
9/11/2016,73.2,8.82,7.94,28.9,9.53,48.6,47.45,40.15,26.5,13.68,22415.19,9378.66
10/11/2016,73.75,8.95,8.03,28.5,9.79,49,48.55,40.95,27.6,13.9,22839.11,9545.85
11/11/2016,72.35,8.84,7.88,28.55,9.61,47.1,48.35,40.65,28.25,14.14,22531.09,9433.37
14/11/2016,72.05,8.73,7.82,27.6,9.51,45.75,47.8,40.25,28.05,14.16,22222.22,9342.87
15/11/2016,72.4,8.86,7.84,27.9,9.56,45.9,47.2,40.75,28.3,14.3,22323.91,9398.1
16/11/2016,72,8.77,7.79,28.75,9.73,45.9,47.15,40.55,28.2,14.24,22280.53,9362.54
17/11/2016,72.35,8.81,7.8,29.1,9.68,45.1,47.15,40.4,27.95,14.42,22262.88,9326.54
18/11/2016,72.7,8.8,7.84,28.7,9.77,45.8,46.85,40.45,28.05,14.22,22344.21,9349.31
21/11/2016,72.4,8.83,7.79,28.85,9.73,45.7,46.65,41.8,28,14.3,22357.78,9444.71
22/11/2016,73,8.88,7.88,28.95,10.24,45.9,47.2,42.65,28.6,14.68,22678.07,9651.45
23/11/2016,73.15,8.91,7.84,29.65,10.16,45.2,47.2,42.55,28.6,14.64,22676.69,9665.99
24/11/2016,72.9,8.51,7.79,29.6,10.1,46,47.1,42.35,28.65,14.92,22608.49,9678.77
25/11/2016,72.95,8.56,7.76,29.35,10.04,45.75,47.3,43.25,28.9,14.94,22723.45,9790.23
28/11/2016,73.1,8.58,7.86,29.1,10,47.3,47.1,43.35,28.85,15.04,22830.57,9875.54
29/11/2016,73.15,8.56,7.81,29.75,9.91,46.85,47.05,43,29,15.04,22737.07,9846.21
30/11/2016,74,8.64,7.89,30.25,9.78,46.7,47.3,42.9,29.1,14.96,22789.77,9838.06
1/12/2016,73,8.7,7.88,30.6,10.38,46,46.85,42.7,29.05,15.2,22878.23,9892.31
2/12/2016,71.7,8.62,7.82,30.55,10.34,45.35,45.3,41.9,28.65,14.84,22564.82,9781.23
5/12/2016,72,8.63,7.78,29.8,10.14,43.8,45.55,41.4,28.65,14.5,22505.55,9711.8
6/12/2016,72.7,8.6,7.79,29.55,10.18,44.6,45.25,41.4,28.95,14.46,22675.15,9768.85
7/12/2016,72.35,8.67,7.92,29.55,10.2,44.3,45.1,41.9,29.5,14.48,22800.92,9829.58
8/12/2016,72.55,8.71,8.16,30.05,10.28,44.45,44.25,42.05,29.25,14.62,22861.84,9896.82
9/12/2016,72.15,8.78,8.06,29.25,10.26,43.5,43.7,42.3,29.35,14.4,22760.98,9867.95
12/12/2016,71.75,8.66,7.94,28.5,10.22,41.9,43.8,41.75,28.75,14.08,22433.02,9699.31
13/12/2016,71.7,8.59,7.85,28.55,10.38,42.85,44.5,42.2,28.7,14.14,22446.7,9719.94
14/12/2016,70.85,8.57,7.78,29.65,10.38,42.5,44.1,41.8,28.5,14,22456.62,9706.15
15/12/2016,69.9,8.33,7.65,29.1,10.02,42.2,43.75,40.95,28.15,13.8,22059.4,9479.16
16/12/2016,69,8.3,7.74,28.4,10.08,42.65,44.4,40.45,27.7,13.96,22020.75,9470.33
19/12/2016,68.35,8.25,7.73,28.15,10,42.35,43.85,39.75,27.35,13.68,21832.68,9377.43
20/12/2016,68.8,8.25,7.66,28.3,9.92,41.8,43.9,39.15,27.55,13.42,21729.06,9283.41
21/12/2016,68.7,8.28,7.67,28.75,9.9,41.5,44.05,39.2,27.9,13.42,21809.8,9331.63
22/12/2016,68.35,8.19,7.61,28.35,9.69,40.8,44.1,38.6,27.85,13.16,21636.2,9200.24
23/12/2016,68.15,8.16,7.5,27.9,9.57,40.3,43.95,38.4,27.8,13.1,21574.76,9181.75
28/12/2016,68.05,8.16,7.51,27.65,9.7,40.45,43.85,38.5,27.6,13.24,21754.74,9300.63
29/12/2016,67.95,8.19,7.54,27.5,9.62,41.2,43.3,38.7,27.3,13.14,21790.91,9312.76
30/12/2016,68.35,8.2,7.57,27.8,9.7,40.85,43.75,38.8,27.75,13.3,22000.56,9394.87
3/1/2017,68.95,8.43,7.67,28.75,9.79,41.4,43.75,39.35,28.3,13.48,22150.4,9459.55
4/1/2017,68.7,8.46,7.7,28,9.8,42,43.55,39.25,28.35,13.6,22134.47,9440.99
5/1/2017,68.5,8.46,7.79,28.5,9.96,42.6,44.45,39.75,28.8,13.86,22456.69,9598.68
6/1/2017,69,8.48,7.68,27.85,9.95,42.6,44.8,39.7,28.35,13.84,22503.01,9611.05
9/1/2017,70,8.5,7.63,27.75,9.86,42.3,45.35,39.7,28.65,13.74,22558.69,9602.32
10/1/2017,71.05,8.69,7.71,28.15,9.73,42.5,46.2,39.8,29,13.88,22744.85,9664.19
11/1/2017,71.1,8.94,7.77,27.8,9.84,43.4,46.45,40.2,29.15,14.08,22935.35,9733.9
12/1/2017,70.05,8.98,7.85,27.25,9.73,43.45,46.25,40.05,28.7,13.98,22829.02,9723.05
13/1/2017,70.55,9,7.87,26.65,9.96,44,46.4,40.45,29.3,14.14,22937.38,9787.34
16/1/2017,72.5,8.91,7.84,26.1,9.83,42.35,46.45,40.1,29.35,13.94,22718.15,9666.09
17/1/2017,72.8,8.95,8.12,26.55,9.86,42.3,46.85,40.1,29.5,13.94,22840.97,9702.19
18/1/2017,73.05,9.05,8.18,27.35,10.04,42.6,47.45,40.35,30.4,14.2,23098.26,9802.86
19/1/2017,72.15,8.91,8.33,28,10,43.15,47.55,40.65,30.4,14.12,23049.96,9792.37
20/1/2017,71.8,8.9,8.27,27.9,9.8,43.15,47.45,40.5,30.4,14.06,22885.91,9715.72
